{
  "Fatal": {
    "precision": 0.040748580775521986,
    "recall": 0.530369442705072,
    "f1-score": 0.07568243756422285,
    "support": 3194.0
  },
  "Serious": {
    "precision": 0.19311628474659018,
    "recall": 0.37506296482858753,
    "f1-score": 0.25495745002265974,
    "support": 33749.0
  },
  "Slight": {
    "precision": 0.9179534952588361,
    "recall": 0.6406103347024532,
    "f1-score": 0.7546055984805645,
    "support": 232266.0
  },
  "accuracy": 0.6060124290049739,
  "macro avg": {
    "precision": 0.3839394535936494,
    "recall": 0.5153475807453709,
    "f1-score": 0.3617484953558157,
    "support": 269209.0
  },
  "weighted avg": {
    "precision": 0.8166778190576782,
    "recall": 0.6060124290049739,
    "f1-score": 0.6839129175587801,
    "support": 269209.0
  }
}