{
  "Fatal": {
    "precision": 0.04044472414516467,
    "recall": 0.6036318096430808,
    "f1-score": 0.07581000314564329,
    "support": 3194.0
  },
  "Serious": {
    "precision": 0.19113573407202217,
    "recall": 0.368010904026786,
    "f1-score": 0.2515978081414782,
    "support": 33749.0
  },
  "Slight": {
    "precision": 0.9214992430968517,
    "recall": 0.6211369722645588,
    "f1-score": 0.7420767697550312,
    "support": 232266.0
  },
  "accuracy": 0.5891964978882578,
  "macro avg": {
    "precision": 0.3843599004380129,
    "recall": 0.5309265619781419,
    "f1-score": 0.35649486034738426,
    "support": 269209.0
  },
  "weighted avg": {
    "precision": 0.8194850972116449,
    "recall": 0.5891964978882578,
    "f1-score": 0.6726837311565957,
    "support": 269209.0
  }
}