{
  "Fatal": {
    "precision": 0.03954907532491732,
    "recall": 0.5316217908578584,
    "f1-score": 0.07362122788761706,
    "support": 3194.0
  },
  "Serious": {
    "precision": 0.1905274330021522,
    "recall": 0.3829743103499363,
    "f1-score": 0.2544616929331509,
    "support": 33749.0
  },
  "Slight": {
    "precision": 0.9185859363658742,
    "recall": 0.6266005355928117,
    "f1-score": 0.7450057972424067,
    "support": 232266.0
  },
  "accuracy": 0.594931818772775,
  "macro avg": {
    "precision": 0.38288748156431457,
    "recall": 0.5137322122668688,
    "f1-score": 0.3576962393543915,
    "support": 269209.0
  },
  "weighted avg": {
    "precision": 0.8168846924840312,
    "recall": 0.594931818772775,
    "f1-score": 0.6755438725264712,
    "support": 269209.0
  }
}