{
  "Fatal": {
    "precision": 0.013077805222300636,
    "recall": 0.3343199436222692,
    "f1-score": 0.025170981211963643,
    "support": 7095.0
  },
  "Serious": {
    "precision": 0.13407224595497907,
    "recall": 0.33228646661912337,
    "f1-score": 0.19105633358566743,
    "support": 72916.0
  },
  "Slight": {
    "precision": 0.8528216006009988,
    "recall": 0.33337004143697113,
    "f1-score": 0.4793579085454362,
    "support": 463113.0
  },
  "accuracy": 0.3332369771912123,
  "macro avg": {
    "precision": 0.33332388392609286,
    "recall": 0.3333254838927879,
    "f1-score": 0.23186174111435576,
    "support": 543124.0
  },
  "weighted avg": {
    "precision": 0.7453575405123615,
    "recall": 0.3332369771912123,
    "f1-score": 0.43471938421361234,
    "support": 543124.0
  }
}