{
  "Fatal": {
    "precision": 0.012830013383031202,
    "recall": 0.3269908386187456,
    "f1-score": 0.024691226632467898,
    "support": 7095.0
  },
  "Serious": {
    "precision": 0.13420925760707536,
    "recall": 0.3321493225080915,
    "f1-score": 0.19117269795913536,
    "support": 72916.0
  },
  "Slight": {
    "precision": 0.8537073597263544,
    "recall": 0.3352076059190737,
    "f1-score": 0.48139557239741126,
    "support": 463113.0
  },
  "accuracy": 0.3346896841236992,
  "macro avg": {
    "precision": 0.33358221023882034,
    "recall": 0.33144925568197026,
    "f1-score": 0.23241983232967148,
    "support": 543124.0
  },
  "weighted avg": {
    "precision": 0.7461279701460095,
    "recall": 0.3346896841236992,
    "f1-score": 0.4364662221095514,
    "support": 543124.0
  }
}