{
  "Fatal": {
    "precision": 0.013022727773736305,
    "recall": 0.33305144467935166,
    "f1-score": 0.025065368316653142,
    "support": 7095.0
  },
  "Serious": {
    "precision": 0.13572973211527428,
    "recall": 0.3374293707828186,
    "f1-score": 0.19358899712024172,
    "support": 72916.0
  },
  "Slight": {
    "precision": 0.8538858093126386,
    "recall": 0.33262076426271775,
    "f1-score": 0.4787502350379868,
    "support": 463113.0
  },
  "accuracy": 0.33327195999440273,
  "macro avg": {
    "precision": 0.3342127564005497,
    "recall": 0.3343671932416293,
    "f1-score": 0.23246820015829392,
    "support": 543124.0
  },
  "weighted avg": {
    "precision": 0.7464867768846083,
    "recall": 0.33327195999440273,
    "f1-score": 0.43453986879860473,
    "support": 543124.0
  }
}