{
  "Fatal": {
    "precision": 0.0,
    "recall": 0.0,
    "f1-score": 0.0,
    "support": 7095.0
  },
  "Serious": {
    "precision": 0.0,
    "recall": 0.0,
    "f1-score": 0.0,
    "support": 72916.0
  },
  "Slight": {
    "precision": 0.8526837333647564,
    "recall": 1.0,
    "f1-score": 0.9204849354575513,
    "support": 463113.0
  },
  "accuracy": 0.8526837333647564,
  "macro avg": {
    "precision": 0.28422791112158546,
    "recall": 0.3333333333333333,
    "f1-score": 0.30682831181918374,
    "support": 543124.0
  },
  "weighted avg": {
    "precision": 0.7270695491448591,
    "recall": 0.8526837333647564,
    "f1-score": 0.7848825312719617,
    "support": 543124.0
  }
}