{
  "Fatal": {
    "precision": 0.013021106794077496,
    "recall": 0.3320648343904158,
    "f1-score": 0.025059564329475835,
    "support": 7095.0
  },
  "Serious": {
    "precision": 0.1344047796204743,
    "recall": 0.3344396291623238,
    "f1-score": 0.19174926185262214,
    "support": 72916.0
  },
  "Slight": {
    "precision": 0.852564315352697,
    "recall": 0.33275032227555695,
    "f1-score": 0.47867636438186384,
    "support": 463113.0
  },
  "accuracy": 0.3329681619666964,
  "macro avg": {
    "precision": 0.3333300672557496,
    "recall": 0.3330849286094322,
    "f1-score": 0.23182839685465395,
    "support": 543124.0
  },
  "weighted avg": {
    "precision": 0.7451820605229084,
    "recall": 0.3329681619666964,
    "f1-score": 0.4342298147828885,
    "support": 543124.0
  }
}