{
  "Fatal": {
    "precision": 0.03944298080541964,
    "recall": 0.6562304320601127,
    "f1-score": 0.0744133205524195,
    "support": 3194.0
  },
  "Serious": {
    "precision": 0.19268498230237655,
    "recall": 0.3387359625470384,
    "f1-score": 0.24564079975074937,
    "support": 33749.0
  },
  "Slight": {
    "precision": 0.92167871429574,
    "recall": 0.6219722215046541,
    "f1-score": 0.7427308132286218,
    "support": 232266.0
  },
  "accuracy": 0.5868711670115041,
  "macro avg": {
    "precision": 0.38460222580117875,
    "recall": 0.5389795387039351,
    "f1-score": 0.3542616445105969,
    "support": 269209.0
  },
  "weighted avg": {
    "precision": 0.8198222741551351,
    "recall": 0.5868711670115041,
    "f1-score": 0.6724846589898241,
    "support": 269209.0
  }
}