{
  "Fatal": {
    "precision": 0.062484921592279856,
    "recall": 0.32435817157169694,
    "f1-score": 0.10478405987660565,
    "support": 3194.0
  },
  "Serious": {
    "precision": 0.23451245608009932,
    "recall": 0.263030015704169,
    "f1-score": 0.24795396776626352,
    "support": 33749.0
  },
  "Slight": {
    "precision": 0.8956727008604314,
    "recall": 0.8282271189067707,
    "f1-score": 0.8606305447810273,
    "support": 232266.0
  },
  "accuracy": 0.7513938984209295,
  "macro avg": {
    "precision": 0.3975566928442702,
    "recall": 0.47187176872754555,
    "f1-score": 0.4044561908079655,
    "support": 269209.0
  },
  "weighted avg": {
    "precision": 0.8029020324649694,
    "recall": 0.7513938984209295,
    "f1-score": 0.7748555689427159,
    "support": 269209.0
  }
}