{
  "Fatal": {
    "precision": 0.049526091032184145,
    "recall": 0.26807610993657505,
    "f1-score": 0.08360623310402426,
    "support": 7095.0
  },
  "Serious": {
    "precision": 0.1970069756123939,
    "recall": 0.1998601130067475,
    "f1-score": 0.1984232884919122,
    "support": 72916.0
  },
  "Slight": {
    "precision": 0.8746668585808872,
    "recall": 0.8135401079218247,
    "f1-score": 0.8429968417908377,
    "support": 463113.0
  },
  "accuracy": 0.7240261892311884,
  "macro avg": {
    "precision": 0.3737333084084884,
    "recall": 0.4271587769550491,
    "f1-score": 0.3750087877955914,
    "support": 543124.0
  },
  "weighted avg": {
    "precision": 0.7729099452935188,
    "recall": 0.7240261892311884,
    "f1-score": 0.7465407809631494,
    "support": 543124.0
  }
}