{
  "Fatal": {
    "precision": 0.048992175760402094,
    "recall": 0.2665257223396758,
    "f1-score": 0.0827697896833213,
    "support": 7095.0
  },
  "Serious": {
    "precision": 0.19660037624294543,
    "recall": 0.20065554885073236,
    "f1-score": 0.19860726502687734,
    "support": 72916.0
  },
  "Slight": {
    "precision": 0.8746076548571747,
    "recall": 0.8122725986962145,
    "f1-score": 0.8422883973583186,
    "support": 463113.0
  },
  "accuracy": 0.7230319411405131,
  "macro avg": {
    "precision": 0.37340006895350747,
    "recall": 0.4264846232955409,
    "f1-score": 0.37455515068950573,
    "support": 543124.0
  },
  "weighted avg": {
    "precision": 0.7727979013724701,
    "recall": 0.7230319411405131,
    "f1-score": 0.7459504745883186,
    "support": 543124.0
  }
}