{
  "Fatal": {
    "precision": 0.04132459322429411,
    "recall": 0.6098935504070131,
    "f1-score": 0.07740448612242465,
    "support": 3194.0
  },
  "Serious": {
    "precision": 0.1938945092534327,
    "recall": 0.35606980947583633,
    "f1-score": 0.2510707644736017,
    "support": 33749.0
  },
  "Slight": {
    "precision": 0.9205274434235101,
    "recall": 0.634488043880723,
    "f1-score": 0.7511997940661486,
    "support": 232266.0
  },
  "accuracy": 0.5992927428132047,
  "macro avg": {
    "precision": 0.3852488486337456,
    "recall": 0.5334838012545241,
    "f1-score": 0.35989168155405826,
    "support": 269209.0
  },
  "weighted avg": {
    "precision": 0.8190029446183356,
    "recall": 0.5992927428132047,
    "f1-score": 0.6805076670076508,
    "support": 269209.0
  }
}