{
  "Fatal": {
    "precision": 0.04935963024379918,
    "recall": 0.19718111346018322,
    "f1-score": 0.07895479428861674,
    "support": 7095.0
  },
  "Serious": {
    "precision": 0.2008422502383727,
    "recall": 0.2079927587909375,
    "f1-score": 0.20435497345514322,
    "support": 72916.0
  },
  "Slight": {
    "precision": 0.872337906840683,
    "recall": 0.8274244082977589,
    "f1-score": 0.8492877739139301,
    "support": 463113.0
  },
  "accuracy": 0.7360308143260103,
  "macro avg": {
    "precision": 0.37417992910761827,
    "recall": 0.41086609351629316,
    "f1-score": 0.37753251388589665,
    "support": 543124.0
  },
  "weighted avg": {
    "precision": 0.7714368084372448,
    "recall": 0.7360308143260103,
    "f1-score": 0.752640539454222,
    "support": 543124.0
  }
}