{
  "Fatal": {
    "precision": 0.06555656615126286,
    "recall": 0.2933625547902317,
    "f1-score": 0.1071653228112312,
    "support": 3194.0
  },
  "Serious": {
    "precision": 0.22855707347417278,
    "recall": 0.283060238821891,
    "f1-score": 0.2529055145209541,
    "support": 33749.0
  },
  "Slight": {
    "precision": 0.8956451559926614,
    "recall": 0.8218120603101616,
    "f1-score": 0.8571415741437184,
    "support": 232266.0
  },
  "accuracy": 0.7480024813434915,
  "macro avg": {
    "precision": 0.39658626520603235,
    "recall": 0.46607828464076145,
    "f1-score": 0.4057374704919679,
    "support": 269209.0
  },
  "weighted avg": {
    "precision": 0.8021681227104535,
    "recall": 0.7480024813434915,
    "f1-score": 0.7724943783851641,
    "support": 269209.0
  }
}