{
  "Fatal": {
    "precision": 0.03346899726319587,
    "recall": 0.6015503875968993,
    "f1-score": 0.06340999584001902,
    "support": 7095.0
  },
  "Serious": {
    "precision": 0.14844551419811455,
    "recall": 0.3552443908058588,
    "f1-score": 0.20939246840277917,
    "support": 72916.0
  },
  "Slight": {
    "precision": 0.8936617615342503,
    "recall": 0.46526225780748975,
    "f1-score": 0.6119357417628841,
    "support": 463113.0
  },
  "accuracy": 0.4522724092472437,
  "macro avg": {
    "precision": 0.3585254243318536,
    "recall": 0.4740190120700826,
    "f1-score": 0.29491273533522744,
    "support": 543124.0
  },
  "weighted avg": {
    "precision": 0.7823773116604372,
    "recall": 0.4522724092472437,
    "f1-score": 0.5507275545208398,
    "support": 543124.0
  }
}