{
  "Fatal": {
    "precision": 0.03346299229888483,
    "recall": 0.6014094432699084,
    "f1-score": 0.06339843546865366,
    "support": 7095.0
  },
  "Serious": {
    "precision": 0.1484688114582557,
    "recall": 0.3551209611059301,
    "f1-score": 0.2093941930188458,
    "support": 72916.0
  },
  "Slight": {
    "precision": 0.8936414555374519,
    "recall": 0.4654350018246087,
    "f1-score": 0.6120803730143856,
    "support": 463113.0
  },
  "accuracy": 0.45240129325899797,
  "macro avg": {
    "precision": 0.3585244197648641,
    "recall": 0.4739884687334824,
    "f1-score": 0.29495766716729505,
    "support": 543124.0
  },
  "weighted avg": {
    "precision": 0.7823630463484705,
    "recall": 0.45240129325899797,
    "f1-score": 0.5508509597543533,
    "support": 543124.0
  }
}