{
  "Fatal": {
    "precision": 0.02953484743165988,
    "recall": 0.65184721352536,
    "f1-score": 0.05650928929119112,
    "support": 3194.0
  },
  "Serious": {
    "precision": 0.1692810320634987,
    "recall": 0.23950339269311682,
    "f1-score": 0.1983606959679992,
    "support": 33749.0
  },
  "Slight": {
    "precision": 0.904217477991879,
    "recall": 0.5877183918438342,
    "f1-score": 0.7123968969269348,
    "support": 232266.0
  },
  "accuracy": 0.5448257673406164,
  "macro avg": {
    "precision": 0.36767778582901256,
    "recall": 0.4930229993541037,
    "f1-score": 0.3224222940620417,
    "support": 269209.0
  },
  "weighted avg": {
    "precision": 0.8017056509888952,
    "recall": 0.5448257673406164,
    "f1-score": 0.6401737811880416,
    "support": 269209.0
  }
}