{
  "Fatal": {
    "precision": 0.033468472354006726,
    "recall": 0.6015503875968993,
    "f1-score": 0.06340905376695538,
    "support": 7095.0
  },
  "Serious": {
    "precision": 0.14845764985040752,
    "recall": 0.3552306763947556,
    "f1-score": 0.20940215853510652,
    "support": 72916.0
  },
  "Slight": {
    "precision": 0.8936618462469985,
    "recall": 0.4652989659111275,
    "f1-score": 0.6119675110757696,
    "support": 463113.0
  },
  "accuracy": 0.4523018684499304,
  "macro avg": {
    "precision": 0.35852932281713756,
    "recall": 0.47402667663426074,
    "f1-score": 0.29492624112594384,
    "support": 543124.0
  },
  "weighted avg": {
    "precision": 0.7823790062837036,
    "recall": 0.4523018684499304,
    "f1-score": 0.5507559323194248,
    "support": 543124.0
  }
}