{
  "Fatal": {
    "precision": 0.04607995196877971,
    "recall": 0.25961945031712474,
    "f1-score": 0.07826807452888312,
    "support": 7095.0
  },
  "Serious": {
    "precision": 0.1969109465575599,
    "recall": 0.2082396181907949,
    "f1-score": 0.20241689829164083,
    "support": 72916.0
  },
  "Slight": {
    "precision": 0.8747767223188487,
    "recall": 0.8047474374504711,
    "f1-score": 0.8383021125746779,
    "support": 463113.0
  },
  "accuracy": 0.7175433234399511,
  "macro avg": {
    "precision": 0.3725892069483961,
    "recall": 0.42420216865279686,
    "f1-score": 0.3729956951317339,
    "support": 543124.0
  },
  "weighted avg": {
    "precision": 0.7729457141309508,
    "recall": 0.7175433234399511,
    "f1-score": 0.7430040815824978,
    "support": 543124.0
  }
}