{
  "Fatal": {
    "precision": 0.05569143932267168,
    "recall": 0.3706950532247965,
    "f1-score": 0.09683487364030424,
    "support": 3194.0
  },
  "Serious": {
    "precision": 0.2166652393594245,
    "recall": 0.2998607366144182,
    "f1-score": 0.25156294666716383,
    "support": 33749.0
  },
  "Slight": {
    "precision": 0.9007359335324313,
    "recall": 0.7804198634324438,
    "f1-score": 0.8362725400051211,
    "support": 232266.0
  },
  "accuracy": 0.7153141239705954,
  "macro avg": {
    "precision": 0.39103087073817583,
    "recall": 0.4836585510905529,
    "f1-score": 0.3948901201041964,
    "support": 269209.0
  },
  "weighted avg": {
    "precision": 0.8049524568576144,
    "recall": 0.7153141239705954,
    "f1-score": 0.7541982855339409,
    "support": 269209.0
  }
}