{
  "Fatal": {
    "precision": 0.04790726052471019,
    "recall": 0.2766737138830162,
    "f1-score": 0.08167256084876222,
    "support": 7095.0
  },
  "Serious": {
    "precision": 0.1950224030488747,
    "recall": 0.20773218497997695,
    "f1-score": 0.20117675184614567,
    "support": 72916.0
  },
  "Slight": {
    "precision": 0.8754643906323252,
    "recall": 0.8024348269212913,
    "f1-score": 0.8373603246529382,
    "support": 463113.0
  },
  "accuracy": 0.7157260588742166,
  "macro avg": {
    "precision": 0.3727980180686367,
    "recall": 0.4289469085947615,
    "f1-score": 0.37340321244928204,
    "support": 543124.0
  },
  "weighted avg": {
    "precision": 0.7733024058834495,
    "recall": 0.7157260588742166,
    "f1-score": 0.7420790148986819,
    "support": 543124.0
  }
}