{
  "Fatal": {
    "precision": 0.06129814470196808,
    "recall": 0.3403256105197245,
    "f1-score": 0.1038849333397047,
    "support": 3194.0
  },
  "Serious": {
    "precision": 0.22760625778762286,
    "recall": 0.292275326676346,
    "f1-score": 0.25591863738373527,
    "support": 33749.0
  },
  "Slight": {
    "precision": 0.8989084165313398,
    "recall": 0.8055290055367553,
    "f1-score": 0.8496607660239235,
    "support": 232266.0
  },
  "accuracy": 0.7356663410212883,
  "macro avg": {
    "precision": 0.3959376063403102,
    "recall": 0.4793766475776086,
    "f1-score": 0.4031547789157878,
    "support": 269209.0
  },
  "weighted avg": {
    "precision": 0.8048138514771822,
    "recall": 0.7356663410212883,
    "f1-score": 0.7663789622615265,
    "support": 269209.0
  }
}