{
  "Fatal": {
    "precision": 0.04728958464369744,
    "recall": 0.2861169837914024,
    "f1-score": 0.0811642877134061,
    "support": 7095.0
  },
  "Serious": {
    "precision": 0.19466478112746674,
    "recall": 0.20766361292446103,
    "f1-score": 0.20095420733770844,
    "support": 72916.0
  },
  "Slight": {
    "precision": 0.8760404533962103,
    "recall": 0.7990490441857603,
    "f1-score": 0.8357753874820022,
    "support": 463113.0
  },
  "accuracy": 0.7129532114213328,
  "macro avg": {
    "precision": 0.3726649397224582,
    "recall": 0.4309432136338745,
    "f1-score": 0.37263129417770563,
    "support": 543124.0
  },
  "weighted avg": {
    "precision": 0.7737375245384416,
    "recall": 0.7129532114213328,
    "f1-score": 0.7406910477653638,
    "support": 543124.0
  }
}