{
  "Fatal": {
    "precision": 0.04060222799229416,
    "recall": 0.6070757670632436,
    "f1-score": 0.07611383709519136,
    "support": 3194.0
  },
  "Serious": {
    "precision": 0.19470724015735233,
    "recall": 0.3549142196805831,
    "f1-score": 0.25146168137970126,
    "support": 33749.0
  },
  "Slight": {
    "precision": 0.9198736986900928,
    "recall": 0.6334116917671979,
    "f1-score": 0.7502275618879095,
    "support": 232266.0
  },
  "accuracy": 0.5981857961658043,
  "macro avg": {
    "precision": 0.3850610556132465,
    "recall": 0.5318005595036749,
    "f1-score": 0.35926769345426735,
    "support": 269209.0
  },
  "weighted avg": {
    "precision": 0.8185322283587508,
    "recall": 0.5981857961658043,
    "f1-score": 0.6797025462373947,
    "support": 269209.0
  }
}