{
  "Fatal": {
    "precision": 0.03850829897452162,
    "recall": 0.4561678146524734,
    "f1-score": 0.07102120399707532,
    "support": 3194.0
  },
  "Serious": {
    "precision": 0.19014115155295722,
    "recall": 0.38836706272778454,
    "f1-score": 0.2552930406497731,
    "support": 33749.0
  },
  "Slight": {
    "precision": 0.9145592218665354,
    "recall": 0.6396157853495561,
    "f1-score": 0.7527678829305863,
    "support": 232266.0
  },
  "accuracy": 0.6059418518697369,
  "macro avg": {
    "precision": 0.3810695574646714,
    "recall": 0.49471688757660465,
    "f1-score": 0.35969404252581155,
    "support": 269209.0
  },
  "weighted avg": {
    "precision": 0.8133497819788271,
    "recall": 0.6059418518697369,
    "f1-score": 0.6823141561062647,
    "support": 269209.0
  }
}