{
  "Fatal": {
    "precision": 0.0391904278247083,
    "recall": 0.49530369442705074,
    "f1-score": 0.07263377792061707,
    "support": 3194.0
  },
  "Serious": {
    "precision": 0.19156468531468532,
    "recall": 0.3896115440457495,
    "f1-score": 0.25684399691373094,
    "support": 33749.0
  },
  "Slight": {
    "precision": 0.9172419819977279,
    "recall": 0.6326539398792763,
    "f1-score": 0.7488202859850994,
    "support": 232266.0
  },
  "accuracy": 0.6005557020753393,
  "macro avg": {
    "precision": 0.38266569837904046,
    "recall": 0.5058563927840255,
    "f1-score": 0.35943268693981584,
    "support": 269209.0
  },
  "weighted avg": {
    "precision": 0.8158509447375151,
    "recall": 0.6005557020753393,
    "f1-score": 0.6791218454180026,
    "support": 269209.0
  }
}