{
  "Fatal": {
    "precision": 0.04100697991147429,
    "recall": 0.6033187226048842,
    "f1-score": 0.0767943251105886,
    "support": 3194.0
  },
  "Serious": {
    "precision": 0.1939902010689743,
    "recall": 0.3613440398234022,
    "f1-score": 0.25245049838013517,
    "support": 33749.0
  },
  "Slight": {
    "precision": 0.9207231743362221,
    "recall": 0.6316895283855579,
    "f1-score": 0.7492997020062867,
    "support": 232266.0
  },
  "accuracy": 0.5974614518831094,
  "macro avg": {
    "precision": 0.3852401184388902,
    "recall": 0.5321174302712814,
    "f1-score": 0.35951484183233684,
    "support": 269209.0
  },
  "weighted avg": {
    "precision": 0.8191800437581619,
    "recall": 0.5974614518831094,
    "f1-score": 0.6790340498661879,
    "support": 269209.0
  }
}