{
  "Fatal": {
    "precision": 0.03924231593995711,
    "recall": 0.5156543519098309,
    "f1-score": 0.07293419537684882,
    "support": 3194.0
  },
  "Serious": {
    "precision": 0.19121428154034945,
    "recall": 0.3878337135915138,
    "f1-score": 0.25614230780520736,
    "support": 33749.0
  },
  "Slight": {
    "precision": 0.9181671043599287,
    "recall": 0.6276984147486072,
    "f1-score": 0.7456431736874541,
    "support": 232266.0
  },
  "accuracy": 0.5962987864447326,
  "macro avg": {
    "precision": 0.3828745672800784,
    "recall": 0.5103954934166506,
    "f1-score": 0.3582398922898367,
    "support": 269209.0
  },
  "weighted avg": {
    "precision": 0.8166058022060207,
    "recall": 0.5962987864447326,
    "f1-score": 0.6762963197584101,
    "support": 269209.0
  }
}