{
  "Fatal": {
    "precision": 0.03996816694667964,
    "recall": 0.5660613650594866,
    "f1-score": 0.07466446417509807,
    "support": 3194.0
  },
  "Serious": {
    "precision": 0.19233241162842837,
    "recall": 0.3812853714184124,
    "f1-score": 0.25568780177638245,
    "support": 33749.0
  },
  "Slight": {
    "precision": 0.9214416685766674,
    "recall": 0.6231174601534447,
    "f1-score": 0.7434696173465456,
    "support": 232266.0
  },
  "accuracy": 0.592123591707558,
  "macro avg": {
    "precision": 0.38458074905059175,
    "recall": 0.5234880655437811,
    "f1-score": 0.3579406277660087,
    "support": 269209.0
  },
  "weighted avg": {
    "precision": 0.8195797892303146,
    "recall": 0.592123591707558,
    "f1-score": 0.674384586188943,
    "support": 269209.0
  }
}