{
  "Fatal": {
    "precision": 0.039035872790133146,
    "recall": 0.49843456480901693,
    "f1-score": 0.07240148259317371,
    "support": 3194.0
  },
  "Serious": {
    "precision": 0.19157697980402752,
    "recall": 0.3887226288186317,
    "f1-score": 0.2566615799976523,
    "support": 33749.0
  },
  "Slight": {
    "precision": 0.9173913858965782,
    "recall": 0.6317498041039153,
    "f1-score": 0.7482362899750901,
    "support": 232266.0
  },
  "accuracy": 0.5997013472803658,
  "macro avg": {
    "precision": 0.382668079496913,
    "recall": 0.5063023325771879,
    "f1-score": 0.3590997841886387,
    "support": 269209.0
  },
  "weighted avg": {
    "precision": 0.8159795538252899,
    "recall": 0.5997013472803658,
    "f1-score": 0.6785923655082023,
    "support": 269209.0
  }
}