{
  "Fatal": {
    "precision": 0.03900482770952004,
    "recall": 0.4780839073262367,
    "f1-score": 0.07212526273528092,
    "support": 3194.0
  },
  "Serious": {
    "precision": 0.19178042064561485,
    "recall": 0.3879818661293668,
    "f1-score": 0.25668218573878954,
    "support": 33749.0
  },
  "Slight": {
    "precision": 0.9160671018147654,
    "recall": 0.6380830599398964,
    "f1-score": 0.752214186017003,
    "support": 232266.0
  },
  "accuracy": 0.6048311906362714,
  "macro avg": {
    "precision": 0.38228411672330004,
    "recall": 0.5013829444651666,
    "f1-score": 0.3603405448303578,
    "support": 269209.0
  },
  "weighted avg": {
    "precision": 0.8148621342755308,
    "recall": 0.6048311906362714,
    "f1-score": 0.6820236890486577,
    "support": 269209.0
  }
}