{
  "Fatal": {
    "precision": 0.039157243293667945,
    "recall": 0.5388227927363807,
    "f1-score": 0.07300880263018347,
    "support": 3194.0
  },
  "Serious": {
    "precision": 0.19023243355852504,
    "recall": 0.37879640878248244,
    "f1-score": 0.25327138908975644,
    "support": 33749.0
  },
  "Slight": {
    "precision": 0.918864200030369,
    "recall": 0.625283080605857,
    "f1-score": 0.7441650739645729,
    "support": 232266.0
  },
  "accuracy": 0.5933568342811719,
  "macro avg": {
    "precision": 0.3827512922941873,
    "recall": 0.51430076070824,
    "f1-score": 0.3568150885615043,
    "support": 269209.0
  },
  "weighted avg": {
    "precision": 0.8170831395662861,
    "recall": 0.5933568342811719,
    "f1-score": 0.6746620331989142,
    "support": 269209.0
  }
}