{
  "Fatal": {
    "precision": 0.03939416830336909,
    "recall": 0.6530995616781465,
    "f1-score": 0.07430627293128629,
    "support": 3194.0
  },
  "Serious": {
    "precision": 0.19186719208518488,
    "recall": 0.33903226762274435,
    "f1-score": 0.2450526856849139,
    "support": 33749.0
  },
  "Slight": {
    "precision": 0.9217095937990831,
    "recall": 0.6215287644338818,
    "f1-score": 0.7424245541132666,
    "support": 232266.0
  },
  "accuracy": 0.5864885646467985,
  "macro avg": {
    "precision": 0.38432365139587904,
    "recall": 0.5378868645782576,
    "f1-score": 0.35392783757648894,
    "support": 269209.0
  },
  "weighted avg": {
    "precision": 0.8197458158998462,
    "recall": 0.5864885646467985,
    "f1-score": 0.6721454290554724,
    "support": 269209.0
  }
}