{
  "Fatal": {
    "precision": 0.0389187866927593,
    "recall": 0.4981214777708203,
    "f1-score": 0.07219675999455462,
    "support": 3194.0
  },
  "Serious": {
    "precision": 0.19099874169666112,
    "recall": 0.386796645826543,
    "f1-score": 0.2557226112934032,
    "support": 33749.0
  },
  "Slight": {
    "precision": 0.9172037028934324,
    "recall": 0.6317627203292776,
    "f1-score": 0.748182914424256,
    "support": 232266.0
  },
  "accuracy": 0.5994673283582644,
  "macro avg": {
    "precision": 0.38237374376095096,
    "recall": 0.5055602813088803,
    "f1-score": 0.35870076190407124,
    "support": 269209.0
  },
  "weighted avg": {
    "precision": 0.8157437470309806,
    "recall": 0.5994673283582644,
    "f1-score": 0.6784261732023369,
    "support": 269209.0
  }
}