{
  "Fatal": {
    "precision": 0.03789485753597432,
    "recall": 0.4139010644959299,
    "f1-score": 0.0694327731092437,
    "support": 3194.0
  },
  "Serious": {
    "precision": 0.18968849477035016,
    "recall": 0.3955080150522978,
    "f1-score": 0.2564038533572808,
    "support": 33749.0
  },
  "Slight": {
    "precision": 0.9127443505840017,
    "recall": 0.644300069747617,
    "f1-score": 0.7553814664038504,
    "support": 232266.0
  },
  "accuracy": 0.6103770676314685,
  "macro avg": {
    "precision": 0.3801092342967754,
    "recall": 0.48456971643194824,
    "f1-score": 0.3604060309567916,
    "support": 269209.0
  },
  "weighted avg": {
    "precision": 0.8117199369921443,
    "recall": 0.6103770676314685,
    "f1-score": 0.6846894925504813,
    "support": 269209.0
  }
}